{"cameraMode":{"drawMode":0,"name":"Shaded","section":"Shading Mode"},"sceneLighting":false,"audioPlay":false,"sceneViewState":{"showFog":true,"showMaterialUpdate":false,"showSkybox":true,"showFlares":true,"showImageEffects":true,"showParticleSystems":true},"in2DMode":false,"pivot":{"x":5.920000076293945,"y":1.2400000095367432,"z":-2.1600000858306886},"rotation":{"x":0.2882068157196045,"y":-0.05311654135584831,"z":0.01601358689367771,"w":0.9559597969055176},"size":4.041658401489258,"orthographic":false}